sequential_site	protein	protein_site
1	S	1
2	S	2
3	S	3
4	S	4
5	S	5
6	S	6
7	S	7
8	S	8
9	S	9
10	S	10
11	S	11
12	S	12
13	S	13
14	S	14
15	S	15
16	S	16
17	S	17
18	S	18
19	S	19
20	S	20
21	S	21
22	S	22
23	S	23
24	S	24
25	S	25
26	S	26
27	S	27
28	S	28
29	S	29
30	S	30
31	S	31
32	S	32
33	S	33
34	S	34
35	S	35
36	S	36
37	S	37
38	S	38
39	S	39
40	S	40
41	S	41
42	S	42
43	S	43
44	S	44
45	S	45
46	S	46
47	S	47
48	S	48
49	S	49
50	S	50
51	S	51
52	S	52
53	S	53
54	S	54
55	S	55
56	S	56
57	S	57
58	S	58
59	S	59
60	S	60
61	S	61
62	S	62
63	S	63
64	S	64
65	S	65
66	S	66
67	S	67
68	S	68
69	S	69
70	S	70
71	S	71
72	S	72
73	S	73
74	S	74
75	S	75
76	S	76
77	S	77
78	S	78
79	S	79
80	S	80
81	S	81
82	S	82
83	S	83
84	S	84
85	S	85
86	S	86
87	S	87
88	S	88
89	S	89
90	S	90
91	S	91
92	S	92
93	S	93
94	S	94
95	S	95
96	S	96
97	S	97
98	S	98
99	S	99
100	S	100
101	S	101
102	S	102
103	S	103
104	S	104
105	S	105
106	S	106
107	S	107
108	S	108
109	S	109
110	S	110
111	S	111
112	S	112
113	S	113
114	S	114
115	S	115
116	S	116
117	S	117
118	S	118
119	S	119
120	S	120
121	S	121
122	S	122
123	S	123
124	S	124
125	S	125
126	S	126
127	S	127
128	S	128
129	S	129
130	S	130
131	S	131
132	S	132
133	S	133
134	S	134
135	S	135
136	S	136
137	S	137
138	S	138
139	S	139
140	S	140
141	S	141
142	S	142
143	S	143
144	S	144
145	S	145
146	S	146
147	S	147
148	S	148
149	S	149
150	S	150
151	S	151
152	S	152
153	S	153
154	S	154
155	S	155
156	S	156
157	S	157
158	S	158
159	S	159
160	S	160
161	S	161
162	S	162
163	S	163
164	S	164
165	S	165
166	S	166
167	S	167
168	S	168
169	S	169
170	S	170
171	S	171
172	S	172
173	S	173
174	S	174
175	S	175
176	S	176
177	S	177
178	S	178
179	S	179
180	S	180
181	S	181
182	S	182
183	S	183
184	S	184
185	S	185
186	S	186
187	S	187
188	S	188
189	S	189
190	S	190
191	S	191
192	S	192
193	S	193
194	S	194
195	S	195
196	S	196
197	S	197
198	S	198
199	S	199
200	S	200
201	S	201
202	S	202
203	S	203
204	S	204
205	S	205
206	S	206
207	S	207
208	S	208
209	S	209
210	S	210
211	S	211
212	S	212
213	S	213
214	S	214
215	S	215
216	S	216
217	S	217
218	S	218
219	S	219
220	S	220
221	S	221
222	S	222
223	S	223
224	S	224
225	S	225
226	S	226
227	S	227
228	S	228
229	S	229
230	S	230
231	S	231
232	S	232
233	S	233
234	S	234
235	S	235
236	S	236
237	S	237
238	S	238
239	S	239
240	S	240
241	S	241
242	S	242
243	S	243
244	S	244
245	S	245
246	S	246
247	S	247
248	S	248
249	S	249
250	S	250
251	S	251
252	S	252
253	S	253
254	S	254
255	S	255
256	S	256
257	S	257
258	S	258
259	S	259
260	S	260
261	S	261
262	S	262
263	S	263
264	S	264
265	S	265
266	S	266
267	S	267
268	S	268
269	S	269
270	S	270
271	S	271
272	S	272
273	S	273
274	S	274
275	S	275
276	S	276
277	S	277
278	S	278
279	S	279
280	S	280
281	S	281
282	S	282
283	S	283
284	S	284
285	S	285
286	S	286
287	S	287
288	S	288
289	S	289
290	S	290
291	S	291
292	S	292
293	S	293
294	S	294
295	S	295
296	S	296
297	S	297
298	S	298
299	S	299
300	S	300
301	S	301
302	S	302
303	S	303
304	S	304
305	S	305
306	S	306
307	S	307
308	S	308
309	S	309
310	S	310
311	S	311
312	S	312
313	S	313
314	S	314
315	S	315
316	S	316
317	S	317
318	S	318
319	S	319
320	S	320
321	S	321
322	S	322
323	S	323
324	S	324
325	S	325
326	S	326
327	S	327
328	S	328
329	S	329
330	S	330
331	S	331
332	S	332
333	S	333
334	S	334
335	S	335
336	S	336
337	S	337
338	S	338
339	S	339
340	S	340
341	S	341
342	S	342
343	S	343
344	S	344
345	S	345
346	S	346
347	S	347
348	S	348
349	S	349
350	S	350
351	S	351
352	S	352
353	S	353
354	S	354
355	S	355
356	S	356
357	S	357
358	S	358
359	S	359
360	S	360
361	S	361
362	S	362
363	S	363
364	S	364
365	S	365
366	S	366
367	S	367
368	S	368
369	S	369
370	S	370
371	S	371
372	S	372
373	S	373
374	S	374
375	S	375
376	S	376
377	S	377
378	S	378
379	S	379
380	S	380
381	S	381
382	S	382
383	S	383
384	S	384
385	S	385
386	S	386
387	S	387
388	S	388
389	S	389
390	S	390
391	S	391
392	S	392
393	S	393
394	S	394
395	S	395
396	S	396
397	S	397
398	S	398
399	S	399
400	S	400
401	S	401
402	S	402
403	S	403
404	S	404
405	S	405
406	S	406
407	S	407
408	S	408
409	S	409
410	S	410
411	S	411
412	S	412
413	S	413
414	S	414
415	S	415
416	S	416
417	S	417
418	S	418
419	S	419
420	S	420
421	S	421
422	S	422
423	S	423
424	S	424
425	S	425
426	S	426
427	S	427
428	S	428
429	S	429
430	S	430
431	S	431
432	S	432
433	S	433
434	S	434
435	S	435
436	S	436
437	S	437
438	S	438
439	S	439
440	S	440
441	S	441
442	S	442
443	S	443
444	S	444
445	S	445
446	S	446
447	S	447
448	S	448
449	S	449
450	S	450
451	S	451
452	S	452
453	S	453
454	S	454
455	S	455
456	S	456
457	S	457
458	S	458
459	S	459
460	S	460
461	S	461
462	S	462
463	S	463
464	S	464
465	S	465
466	S	466
467	S	467
468	S	468
469	S	469
470	S	470
471	S	471
472	S	472
473	S	473
474	S	474
475	S	475
476	S	476
477	S	477
478	S	478
479	S	479
480	S	480
481	S	481
482	S	482
483	S	483
484	S	484
485	S	485
486	S	486
487	S	487
488	S	488
489	S	489
490	S	490
491	S	491
492	S	492
493	S	493
494	S	494
495	S	495
496	S	496
497	S	497
498	S	498
499	S	499
500	S	500
501	S	501
502	S	502
503	S	503
504	S	504
505	S	505
506	S	506
507	S	507
508	S	508
509	S	509
510	S	510
511	S	511
512	S	512
513	S	513
514	S	514
515	S	515
516	S	516
517	S	517
518	S	518
519	S	519
520	S	520
521	S	521
522	S	522
523	S	523
524	S	524
525	S	525
526	S	526
527	S	527
528	S	528
529	S	529
530	S	530
531	S	531
532	S	532
533	S	533
534	S	534
535	S	535
536	S	536
537	S	537
538	S	538
539	S	539
540	S	540
541	S	541
542	S	542
543	S	543
544	S	544
545	S	545
546	S	546
547	S	547
548	S	548
549	S	549
550	S	550
551	S	551
552	S	552
553	S	553
554	S	554
555	S	555
556	S	556
557	S	557
558	S	558
559	S	559
560	S	560
561	S	561
562	S	562
563	S	563
564	S	564
565	S	565
566	S	566
567	S	567
568	S	568
569	S	569
570	S	570
571	S	571
572	S	572
573	S	573
574	S	574
575	S	575
576	S	576
577	S	577
578	S	578
579	S	579
580	S	580
581	S	581
582	S	582
583	S	583
584	S	584
585	S	585
586	S	586
587	S	587
588	S	588
589	S	589
590	S	590
591	S	591
592	S	592
593	S	593
594	S	594
595	S	595
596	S	596
597	S	597
598	S	598
599	S	599
600	S	600
601	S	601
602	S	602
603	S	603
604	S	604
605	S	605
606	S	606
607	S	607
608	S	608
609	S	609
610	S	610
611	S	611
612	S	612
613	S	613
614	S	614
615	S	615
616	S	616
617	S	617
618	S	618
619	S	619
620	S	620
621	S	621
622	S	622
623	S	623
624	S	624
625	S	625
626	S	626
627	S	627
628	S	628
629	S	629
630	S	630
631	S	631
632	S	632
633	S	633
634	S	634
635	S	635
636	S	636
637	S	637
638	S	638
639	S	639
640	S	640
641	S	641
642	S	642
643	S	643
644	S	644
645	S	645
646	S	646
647	S	647
648	S	648
649	S	649
650	S	650
651	S	651
652	S	652
653	S	653
654	S	654
655	S	655
656	S	656
657	S	657
658	S	658
659	S	659
660	S	660
661	S	661
662	S	662
663	S	663
664	S	664
665	S	665
666	S	666
667	S	667
668	S	668
669	S	669
670	S	670
671	S	671
672	S	672
673	S	673
674	S	674
675	S	675
676	S	676
677	S	677
678	S	678
679	S	679
680	S	680
681	S	681
682	S	682
683	S	683
684	S	684
685	S	685
686	S	686
687	S	687
688	S	688
689	S	689
690	S	690
691	S	691
692	S	692
693	S	693
694	S	694
695	S	695
696	S	696
697	S	697
698	S	698
699	S	699
700	S	700
701	S	701
702	S	702
703	S	703
704	S	704
705	S	705
706	S	706
707	S	707
708	S	708
709	S	709
710	S	710
711	S	711
712	S	712
713	S	713
714	S	714
715	S	715
716	S	716
717	S	717
718	S	718
719	S	719
720	S	720
721	S	721
722	S	722
723	S	723
724	S	724
725	S	725
726	S	726
727	S	727
728	S	728
729	S	729
730	S	730
731	S	731
732	S	732
733	S	733
734	S	734
735	S	735
736	S	736
737	S	737
738	S	738
739	S	739
740	S	740
741	S	741
742	S	742
743	S	743
744	S	744
745	S	745
746	S	746
747	S	747
748	S	748
749	S	749
750	S	750
751	S	751
752	S	752
753	S	753
754	S	754
755	S	755
756	S	756
757	S	757
758	S	758
759	S	759
760	S	760
761	S	761
762	S	762
763	S	763
764	S	764
765	S	765
766	S	766
767	S	767
768	S	768
769	S	769
770	S	770
771	S	771
772	S	772
773	S	773
774	S	774
775	S	775
776	S	776
777	S	777
778	S	778
779	S	779
780	S	780
781	S	781
782	S	782
783	S	783
784	S	784
785	S	785
786	S	786
787	S	787
788	S	788
789	S	789
790	S	790
791	S	791
792	S	792
793	S	793
794	S	794
795	S	795
796	S	796
797	S	797
798	S	798
799	S	799
800	S	800
801	S	801
802	S	802
803	S	803
804	S	804
805	S	805
806	S	806
807	S	807
808	S	808
809	S	809
810	S	810
811	S	811
812	S	812
813	S	813
814	S	814
815	S	815
816	S	816
817	S	817
818	S	818
819	S	819
820	S	820
821	S	821
822	S	822
823	S	823
824	S	824
825	S	825
826	S	826
827	S	827
828	S	828
829	S	829
830	S	830
831	S	831
832	S	832
833	S	833
834	S	834
835	S	835
836	S	836
837	S	837
838	S	838
839	S	839
840	S	840
841	S	841
842	S	842
843	S	843
844	S	844
845	S	845
846	S	846
847	S	847
848	S	848
849	S	849
850	S	850
851	S	851
852	S	852
853	S	853
854	S	854
855	S	855
856	S	856
857	S	857
858	S	858
859	S	859
860	S	860
861	S	861
862	S	862
863	S	863
864	S	864
865	S	865
866	S	866
867	S	867
868	S	868
869	S	869
870	S	870
871	S	871
872	S	872
873	S	873
874	S	874
875	S	875
876	S	876
877	S	877
878	S	878
879	S	879
880	S	880
881	S	881
882	S	882
883	S	883
884	S	884
885	S	885
886	S	886
887	S	887
888	S	888
889	S	889
890	S	890
891	S	891
892	S	892
893	S	893
894	S	894
895	S	895
896	S	896
897	S	897
898	S	898
899	S	899
900	S	900
901	S	901
902	S	902
903	S	903
904	S	904
905	S	905
906	S	906
907	S	907
908	S	908
909	S	909
910	S	910
911	S	911
912	S	912
913	S	913
914	S	914
915	S	915
916	S	916
917	S	917
918	S	918
919	S	919
920	S	920
921	S	921
922	S	922
923	S	923
924	S	924
925	S	925
926	S	926
927	S	927
928	S	928
929	S	929
930	S	930
931	S	931
932	S	932
933	S	933
934	S	934
935	S	935
936	S	936
937	S	937
938	S	938
939	S	939
940	S	940
941	S	941
942	S	942
943	S	943
944	S	944
945	S	945
946	S	946
947	S	947
948	S	948
949	S	949
950	S	950
951	S	951
952	S	952
953	S	953
954	S	954
955	S	955
956	S	956
957	S	957
958	S	958
959	S	959
960	S	960
961	S	961
962	S	962
963	S	963
964	S	964
965	S	965
966	S	966
967	S	967
968	S	968
969	S	969
970	S	970
971	S	971
972	S	972
973	S	973
974	S	974
975	S	975
976	S	976
977	S	977
978	S	978
979	S	979
980	S	980
981	S	981
982	S	982
983	S	983
984	S	984
985	S	985
986	S	986
987	S	987
988	S	988
989	S	989
990	S	990
991	S	991
992	S	992
993	S	993
994	S	994
995	S	995
996	S	996
997	S	997
998	S	998
999	S	999
1000	S	1000
1001	S	1001
1002	S	1002
1003	S	1003
1004	S	1004
1005	S	1005
1006	S	1006
1007	S	1007
1008	S	1008
1009	S	1009
1010	S	1010
1011	S	1011
1012	S	1012
1013	S	1013
1014	S	1014
1015	S	1015
1016	S	1016
1017	S	1017
1018	S	1018
1019	S	1019
1020	S	1020
1021	S	1021
1022	S	1022
1023	S	1023
1024	S	1024
1025	S	1025
1026	S	1026
1027	S	1027
1028	S	1028
1029	S	1029
1030	S	1030
1031	S	1031
1032	S	1032
1033	S	1033
1034	S	1034
1035	S	1035
1036	S	1036
1037	S	1037
1038	S	1038
1039	S	1039
1040	S	1040
1041	S	1041
1042	S	1042
1043	S	1043
1044	S	1044
1045	S	1045
1046	S	1046
1047	S	1047
1048	S	1048
1049	S	1049
1050	S	1050
1051	S	1051
1052	S	1052
1053	S	1053
1054	S	1054
1055	S	1055
1056	S	1056
1057	S	1057
1058	S	1058
1059	S	1059
1060	S	1060
1061	S	1061
1062	S	1062
1063	S	1063
1064	S	1064
1065	S	1065
1066	S	1066
1067	S	1067
1068	S	1068
1069	S	1069
1070	S	1070
1071	S	1071
1072	S	1072
1073	S	1073
1074	S	1074
1075	S	1075
1076	S	1076
1077	S	1077
1078	S	1078
1079	S	1079
1080	S	1080
1081	S	1081
1082	S	1082
1083	S	1083
1084	S	1084
1085	S	1085
1086	S	1086
1087	S	1087
1088	S	1088
1089	S	1089
1090	S	1090
1091	S	1091
1092	S	1092
1093	S	1093
1094	S	1094
1095	S	1095
1096	S	1096
1097	S	1097
1098	S	1098
1099	S	1099
1100	S	1100
1101	S	1101
1102	S	1102
1103	S	1103
1104	S	1104
1105	S	1105
1106	S	1106
1107	S	1107
1108	S	1108
1109	S	1109
1110	S	1110
1111	S	1111
1112	S	1112
1113	S	1113
1114	S	1114
1115	S	1115
1116	S	1116
1117	S	1117
1118	S	1118
1119	S	1119
1120	S	1120
1121	S	1121
1122	S	1122
1123	S	1123
1124	S	1124
1125	S	1125
1126	S	1126
1127	S	1127
1128	S	1128
1129	S	1129
1130	S	1130
1131	S	1131
1132	S	1132
1133	S	1133
1134	S	1134
1135	S	1135
1136	S	1136
1137	S	1137
1138	S	1138
1139	S	1139
1140	S	1140
1141	S	1141
1142	S	1142
1143	S	1143
1144	S	1144
1145	S	1145
1146	S	1146
1147	S	1147
1148	S	1148
1149	S	1149
1150	S	1150
1151	S	1151
1152	S	1152
1153	S	1153
1154	S	1154
1155	S	1155
1156	S	1156
1157	S	1157
1158	S	1158
1159	S	1159
1160	S	1160
1161	S	1161
1162	S	1162
1163	S	1163
1164	S	1164
1165	S	1165
1166	S	1166
1167	S	1167
1168	S	1168
1169	S	1169
1170	S	1170
1171	S	1171
1172	S	1172
1173	S	1173
1174	S	1174
1175	S	1175
1176	S	1176
1177	S	1177
1178	S	1178
1179	S	1179
1180	S	1180
1181	S	1181
1182	S	1182
1183	S	1183
1184	S	1184
1185	S	1185
1186	S	1186
1187	S	1187
1188	S	1188
1189	S	1189
1190	S	1190
1191	S	1191
1192	S	1192
1193	S	1193
1194	S	1194
1195	S	1195
1196	S	1196
1197	S	1197
1198	S	1198
1199	S	1199
1200	S	1200
1201	S	1201
1202	S	1202
1203	S	1203
1204	S	1204
1205	S	1205
1206	S	1206
1207	S	1207
1208	S	1208
1209	S	1209
1210	S	1210
1211	S	1211
1212	S	1212
1213	S	1213
1214	S	1214
1215	S	1215
1216	S	1216
1217	S	1217
1218	S	1218
1219	S	1219
1220	S	1220
1221	S	1221
1222	S	1222
1223	S	1223
1224	S	1224
1225	S	1225
1226	S	1226
1227	S	1227
1228	S	1228
1229	S	1229
1230	S	1230
1231	S	1231
1232	S	1232
1233	S	1233
1234	S	1234
1235	S	1235
1236	S	1236
1237	S	1237
1238	S	1238
1239	S	1239
1240	S	1240
1241	S	1241
1242	S	1242
1243	S	1243
1244	S	1244
1245	S	1245
1246	S	1246
1247	S	1247
1248	S	1248
1249	S	1249
1250	S	1250
1251	S	1251
1252	S	1252
1253	S	1253
1254	S	1254
1255	S	1255
1256	S	1256
1257	S	1257
1258	S	1258
1259	S	1259
1260	S	1260
1261	S	1261
1262	S	1262
1263	S	1263
1264	S	1264
1265	S	1265
1266	S	1266
1267	S	1267
1268	S	1268
1269	S	1269
1270	S	1270
1271	S	1271
1272	S	1272
1273	S	1273
1274	S	1274
